version,batch_size,max_epochs,learning_rate,lambda,valLoss,valAcc,valF1,trainLoss,trainAcc,trainF1
0,64,20,0.001,0.001,0.5924608707427979,0.740170955657959,0.740170955657959,0.5531268119812012,0.7741246819496155,0.7741246819496155
