version,batch_size,max_epochs,learning_rate,lambda,valLoss,valAcc,valF1,trainLoss,trainAcc,trainF1
0,64,20,0.001,0.001,0.5924608707427979,0.740170955657959,0.740170955657959,0.5531268119812012,0.7741246819496155,0.7741246819496155
2,128,1,0.001,0.001,1.0601845979690552,0.4752136766910553,0.4752136766910553,1.0627164840698242,0.47480785846710205,0.47480785846710205
3,64,10,0.001,0.001,1.056031346321106,0.4752136766910553,0.4752136766910553,1.0580377578735352,0.47480785846710205,0.47480785846710205
